CD-Q7P5PGro####"Johnny Bravo - Woah Mama video collection #1"####2017-01-08 04:05:35 UTC####"[""johnny bravo"", ""cartoon network"", ""boomerang"", ""tv"", ""television"", ""show"", ""classic"", ""cartoon"", ""best"", ""funniest"", ""moments"", ""scenes"", ""episodes"", ""full""]"####UClUsCEaF7EkbNFLBOwjCK8w####1####Film & Animation####23839####157####14####0####21####-0.75####1.6394####0.270225####0.09375
Ca6ZU2AUguw####Johnny Bravo Most Funny/Savage Moments (Part 2)####2017-06-16 21:52:55 UTC####"[""Anime"", ""Cartoon"", ""Johnny Bravo"", ""Johnny"", ""Bravo"", ""Elvis"", ""Childhood"", ""Nostalgic"", ""Old cartoons"", ""90`s Tv shows"", ""Hannah Barbera cartoons"", ""Cartoon network"", ""Nickelodeon"", ""Disney"", ""Spongebob squarepants"", ""Pewdiepie""]"####UCeGnQRR9Ex92dyub1wabpSQ####24####Entertainment####23559####271####5####0####34####-1.125####2.55####0.14237407407407404####0.0
7HzxiD5bAi8####107 Johnny Bravo Facts YOU Should Know! - Cartoon Facts! (107 Facts S7 E1)####2017-07-14 18:53:29 UTC####"[""Johnny Bravo"", ""Johny Bravo"", ""John Bravo"", ""Johnny Bravo 107 Facts"", ""107 Facts About Johnny Bravo"", ""107 Facts Johnny Bravo"", ""Johnny Bravo Facts"", ""Cartoon Network"", ""Cartoon Network Johnny Bravo"", ""Johnny Bravo Episodes"", ""Johnny Bravo Episode"", ""Johnny Bravo Clips"", ""Johnny Bravo Funny"", ""Johnny Bravo Woah Mama"", ""Johnny Bravo Meme"", ""Johnny Bravo Memes"", ""Cartoon Network Series"", ""Cartoon Facts"", ""Cartoon Cartoon"", ""What A Cartoon"", ""So Random Cartoons"", ""Oh Yeah! Cartoons""]"####UC-pE29OUR43BqqBxIeyo_GA####1####Film & Animation####116295####2714####64####0####558####-2.3542####4.8999999999999995####0.1811892835051546####0.0
XKbnwFsV95g####Cow and Chicken: Cow's Pie####2017-01-11 01:10:51 UTC####[]####UC22O5DtszP9xG4YTxhPs2Ow####22####People & Blogs####56305####259####16####0####28####-1.0####2.9375####0.3209499999999999####0.020850000000000007
n5ymcjSiBvI####Cow And Chicken   424   The Great Pantzini####2017-03-19 07:00:07 UTC####"[""Cow and chicken"", ""cow"", ""chicken"", ""I Am Weasel"", ""Weasel"", ""Baboon"", ""ugly"", ""highly intelligent"", ""funny"", ""animal"", ""cartoon"", ""cute"", ""best"", ""moments"", ""funniest"", ""fight"", ""humor""]"####UCCXh3plq61ae8Rk1MByl26g####1####Film & Animation####27264####96####7####0####17####-1.0####0.8125####0.03841333333333334####0.0
kf1Q7ai7e7w####Part Time Job | Cow and Chicken | Cartoon Network####2012-07-13 10:04:27 UTC####"[""Cow And Chicken (TV Program)"", ""Cartoon Network (TV Network)"", ""Animation"", ""Animated"", ""animals"", ""cow"", ""chicken"", ""milk"", ""farm"", ""money"", ""toy""]"####UCGydrkfIhUDNCotYQI8TJhA####24####Entertainment####59893####178####10####0####0
iCOS0HQNhDs####Cow And Chicken   307   Sergeant Weenie Arms####2017-03-08 14:00:04 UTC####"[""Cow and chicken"", ""cow"", ""chicken"", ""I Am Weasel"", ""Weasel"", ""Baboon"", ""ugly"", ""highly intelligent"", ""funny"", ""animal"", ""cartoon"", ""cute"", ""best"", ""moments"", ""funniest"", ""fight"", ""humor""]"####UCCXh3plq61ae8Rk1MByl26g####1####Film & Animation####14746####49####5####0####4
OtjNNqCHUNQ####Zig &amp; Sharko - Silly builders (S01E24) _ Full Episode in HD####2015-05-06 15:06:49 UTC####"[""“Zig et Sharko”"", ""“Zig und Sharko”"", ""“Zig y sharko”"", ""“Zig ja Sharko”"", ""“ジグとシャーコ”"", ""“Zig i Sharko”"", ""“Зиг и Шарко”"", ""“鯊魚哥”"", ""“TV series”"", ""Animation"", ""Kids"", ""Children"", ""Cartoon"", ""“Tom & Jerry”"", ""season"", ""beach"", ""fun"", ""comedy"", ""slapstick"", ""Xilam"", ""Zig"", ""Sharko"", ""Marina"", ""Bernie"", ""Show""]"####UCcKJJuOe2tOqgrKw0Gks-sw####22####People & Blogs####25508869####30164####7230####0####1385####-2.0835####3.02445####0.07401781292984866####0.0
iZS4vyAgEEA####Zig &amp; Sharko - Mega Compilation 2016  _ HD####2016-12-13 11:18:53 UTC####"[""“Zig et Sharko”"", ""“Zig und Sharko”"", ""“Zig y sharko”"", ""“Zig ja Sharko”"", ""“ジグとシャーコ”"", ""“Zig i Sharko”"", ""“Зиг и Шарко”"", ""“鯊魚哥”"", ""“TV series”"", ""Animation"", ""Kids"", ""Children"", ""Cartoon"", ""“Tom & Jerry”"", ""season"", ""beach"", ""fun"", ""comedy"", ""slapstick"", ""Xilam"", ""Zig"", ""Sharko"", ""Marina"", ""Bernie"", ""Show"", ""full episode"", ""sharko"", ""xilam"", ""zig"", ""marina"", ""zig and sharko"", ""cartoon"", ""animation"", ""anime"", ""episode"", ""compil"", ""compilation"", ""2016"", ""new 2016"", ""cartoon for kid"", ""cartoon for kids"", ""funny"", ""tom and jerry"", ""tom jerry"", ""funny compilation"", ""humor"", ""series""]"####UCcKJJuOe2tOqgrKw0Gks-sw####1####Film & Animation####6113010####11436####2679####0####661####-1.0####2.1####0.1240824175824176####0.0
UU72K8utytA####Zig &amp; Sharko - Friendship Compilation  _ HD####2016-12-30 10:54:27 UTC####"[""“Zig et Sharko”"", ""“Zig und Sharko”"", ""“Zig y sharko”"", ""“Zig ja Sharko”"", ""“ジグとシャーコ”"", ""“Zig i Sharko”"", ""“Зиг и Шарко”"", ""“鯊魚哥”"", ""“TV series”"", ""Animation"", ""Kids"", ""Children"", ""Cartoon"", ""“Tom & Jerry”"", ""season"", ""beach"", ""fun"", ""comedy"", ""slapstick"", ""Xilam"", ""Zig"", ""Sharko"", ""Marina"", ""Bernie"", ""Show"", ""full episode"", ""full episodes”"", ""new"", ""2017"", ""new 2017"", ""zig"", ""sharko"", ""marina"", ""compilation"", ""compil"", ""new compilation"", ""xilam"", ""tom and jerry"", ""tom jerry"", ""cartoon for kid"", ""funny compilation"", ""funny"", ""cartoon for kids"", ""anime"", ""animation"", ""videos for kids"", ""episodes""]"####UCcKJJuOe2tOqgrKw0Gks-sw####1####Film & Animation####4946849####10426####2086####0####686####-1.1665999999999999####1.95####0.11728913649025072####0.0
mxdQGpdDYng####"ᴴᴰ Zig &amp; Sharko (NEW SEASON 2) - Best Collection HOT 2017 Full Episode in HD (#18)"####2017-08-25 03:38:21 UTC####"[""“Zig et Sharko”"", ""“Zig und Sharko”"", ""“Zig y sharko”"", ""“Zig ja Sharko”"", ""“ジグとシャーコ”"", ""“Zig i Sharko”"", ""“Зиг и Шарко”"", ""“TV series”"", ""Kids"", ""Children"", ""Cartoon"", ""season"", ""beach"", ""fun"", ""Xilam"", ""Zig"", ""Sharko"", ""Marina"", ""Bernie"", ""compilation"", ""best of"", ""zig sharko"", ""zig marina"", ""zig game"", ""marina"", ""sharko"", ""zig"", ""bernie"", ""cartoon"", ""video for kids"", ""cartoon for kids"", ""xilam"", ""animation"", ""dessin animé"", ""zig und sharko"", ""“zig y sharko”"", ""Tom & Jerry"", ""G & Kids Future""]"####UCAeWo3hCZSmoEaM-vJyzsfg####24####Entertainment####8599421####20037####4934####0####835####-1.5213####7.2077####0.08695336322869954####0.0
CD-Q7P5PGro####"Johnny Bravo - Woah Mama video collection #1"####2017-01-08 04:05:35 UTC####"[""johnny bravo"", ""cartoon network"", ""boomerang"", ""tv"", ""television"", ""show"", ""classic"", ""cartoon"", ""best"", ""funniest"", ""moments"", ""scenes"", ""episodes"", ""full""]"####UClUsCEaF7EkbNFLBOwjCK8w####1####Film & Animation####24007####159####14####0####22####-0.75####1.6394####0.2752142857142857####0.1875
Ca6ZU2AUguw####Johnny Bravo Most Funny/Savage Moments (Part 2)####2017-06-16 21:52:55 UTC####"[""Anime"", ""Cartoon"", ""Johnny Bravo"", ""Johnny"", ""Bravo"", ""Elvis"", ""Childhood"", ""Nostalgic"", ""Old cartoons"", ""90`s Tv shows"", ""Hannah Barbera cartoons"", ""Cartoon network"", ""Nickelodeon"", ""Disney"", ""Spongebob squarepants"", ""Pewdiepie""]"####UCeGnQRR9Ex92dyub1wabpSQ####24####Entertainment####23809####273####5####0####35####-1.125####2.55####0.14237407407407404####0.0
7HzxiD5bAi8####107 Johnny Bravo Facts YOU Should Know! - Cartoon Facts! (107 Facts S7 E1)####2017-07-14 18:53:29 UTC####"[""Johnny Bravo"", ""Johny Bravo"", ""John Bravo"", ""Johnny Bravo 107 Facts"", ""107 Facts About Johnny Bravo"", ""107 Facts Johnny Bravo"", ""Johnny Bravo Facts"", ""Cartoon Network"", ""Cartoon Network Johnny Bravo"", ""Johnny Bravo Episodes"", ""Johnny Bravo Episode"", ""Johnny Bravo Clips"", ""Johnny Bravo Funny"", ""Johnny Bravo Woah Mama"", ""Johnny Bravo Meme"", ""Johnny Bravo Memes"", ""Cartoon Network Series"", ""Cartoon Facts"", ""Cartoon Cartoon"", ""What A Cartoon"", ""So Random Cartoons"", ""Oh Yeah! Cartoons""]"####UC-pE29OUR43BqqBxIeyo_GA####1####Film & Animation####116517####2718####64####0####558####-2.3542####4.8999999999999995####0.1811892835051546####0.0
XKbnwFsV95g####Cow and Chicken: Cow's Pie####2017-01-11 01:10:51 UTC####[]####UC22O5DtszP9xG4YTxhPs2Ow####22####People & Blogs####56464####259####16####0####28####-1.0####2.9375####0.3209499999999999####0.020850000000000007
n5ymcjSiBvI####Cow And Chicken   424   The Great Pantzini####2017-03-19 07:00:07 UTC####"[""Cow and chicken"", ""cow"", ""chicken"", ""I Am Weasel"", ""Weasel"", ""Baboon"", ""ugly"", ""highly intelligent"", ""funny"", ""animal"", ""cartoon"", ""cute"", ""best"", ""moments"", ""funniest"", ""fight"", ""humor""]"####UCCXh3plq61ae8Rk1MByl26g####1####Film & Animation####27408####98####7####0####17####-1.0####0.8125####0.03841333333333334####0.0
kf1Q7ai7e7w####Part Time Job | Cow and Chicken | Cartoon Network####2012-07-13 10:04:27 UTC####"[""Cow And Chicken (TV Program)"", ""Cartoon Network (TV Network)"", ""Animation"", ""Animated"", ""animals"", ""cow"", ""chicken"", ""milk"", ""farm"", ""money"", ""toy""]"####UCGydrkfIhUDNCotYQI8TJhA####24####Entertainment####59960####178####10####0####0
iCOS0HQNhDs####Cow And Chicken   307   Sergeant Weenie Arms####2017-03-08 14:00:04 UTC####"[""Cow and chicken"", ""cow"", ""chicken"", ""I Am Weasel"", ""Weasel"", ""Baboon"", ""ugly"", ""highly intelligent"", ""funny"", ""animal"", ""cartoon"", ""cute"", ""best"", ""moments"", ""funniest"", ""fight"", ""humor""]"####UCCXh3plq61ae8Rk1MByl26g####1####Film & Animation####14805####49####5####0####4
OtjNNqCHUNQ####Zig &amp; Sharko - Silly builders (S01E24) _ Full Episode in HD####2015-05-06 15:06:49 UTC####"[""“Zig et Sharko”"", ""“Zig und Sharko”"", ""“Zig y sharko”"", ""“Zig ja Sharko”"", ""“ジグとシャーコ”"", ""“Zig i Sharko”"", ""“Зиг и Шарко”"", ""“鯊魚哥”"", ""“TV series”"", ""Animation"", ""Kids"", ""Children"", ""Cartoon"", ""“Tom & Jerry”"", ""season"", ""beach"", ""fun"", ""comedy"", ""slapstick"", ""Xilam"", ""Zig"", ""Sharko"", ""Marina"", ""Bernie"", ""Show""]"####UCcKJJuOe2tOqgrKw0Gks-sw####22####People & Blogs####25514978####30184####7230####0####1386####-2.0835####3.02445####0.07401781292984866####0.0
iZS4vyAgEEA####Zig &amp; Sharko - Mega Compilation 2016  _ HD####2016-12-13 11:18:53 UTC####"[""“Zig et Sharko”"", ""“Zig und Sharko”"", ""“Zig y sharko”"", ""“Zig ja Sharko”"", ""“ジグとシャーコ”"", ""“Zig i Sharko”"", ""“Зиг и Шарко”"", ""“鯊魚哥”"", ""“TV series”"", ""Animation"", ""Kids"", ""Children"", ""Cartoon"", ""“Tom & Jerry”"", ""season"", ""beach"", ""fun"", ""comedy"", ""slapstick"", ""Xilam"", ""Zig"", ""Sharko"", ""Marina"", ""Bernie"", ""Show"", ""full episode"", ""sharko"", ""xilam"", ""zig"", ""marina"", ""zig and sharko"", ""cartoon"", ""animation"", ""anime"", ""episode"", ""compil"", ""compilation"", ""2016"", ""new 2016"", ""cartoon for kid"", ""cartoon for kids"", ""funny"", ""tom and jerry"", ""tom jerry"", ""funny compilation"", ""humor"", ""series""]"####UCcKJJuOe2tOqgrKw0Gks-sw####1####Film & Animation####6114061####11437####2680####0####661####-1.0####2.1####0.1240824175824176####0.0
UU72K8utytA####Zig &amp; Sharko - Friendship Compilation  _ HD####2016-12-30 10:54:27 UTC####"[""“Zig et Sharko”"", ""“Zig und Sharko”"", ""“Zig y sharko”"", ""“Zig ja Sharko”"", ""“ジグとシャーコ”"", ""“Zig i Sharko”"", ""“Зиг и Шарко”"", ""“鯊魚哥”"", ""“TV series”"", ""Animation"", ""Kids"", ""Children"", ""Cartoon"", ""“Tom & Jerry”"", ""season"", ""beach"", ""fun"", ""comedy"", ""slapstick"", ""Xilam"", ""Zig"", ""Sharko"", ""Marina"", ""Bernie"", ""Show"", ""full episode"", ""full episodes”"", ""new"", ""2017"", ""new 2017"", ""zig"", ""sharko"", ""marina"", ""compilation"", ""compil"", ""new compilation"", ""xilam"", ""tom and jerry"", ""tom jerry"", ""cartoon for kid"", ""funny compilation"", ""funny"", ""cartoon for kids"", ""anime"", ""animation"", ""videos for kids"", ""episodes""]"####UCcKJJuOe2tOqgrKw0Gks-sw####1####Film & Animation####4951344####10435####2088####0####686####-1.1665999999999999####1.95####0.11728913649025072####0.0
mxdQGpdDYng####"ᴴᴰ Zig &amp; Sharko (NEW SEASON 2) - Best Collection HOT 2017 Full Episode in HD (#18)"####2017-08-25 03:38:21 UTC####"[""“Zig et Sharko”"", ""“Zig und Sharko”"", ""“Zig y sharko”"", ""“Zig ja Sharko”"", ""“ジグとシャーコ”"", ""“Zig i Sharko”"", ""“Зиг и Шарко”"", ""“TV series”"", ""Kids"", ""Children"", ""Cartoon"", ""season"", ""beach"", ""fun"", ""Xilam"", ""Zig"", ""Sharko"", ""Marina"", ""Bernie"", ""compilation"", ""best of"", ""zig sharko"", ""zig marina"", ""zig game"", ""marina"", ""sharko"", ""zig"", ""bernie"", ""cartoon"", ""video for kids"", ""cartoon for kids"", ""xilam"", ""animation"", ""dessin animé"", ""zig und sharko"", ""“zig y sharko”"", ""Tom & Jerry"", ""G & Kids Future""]"####UCAeWo3hCZSmoEaM-vJyzsfg####24####Entertainment####8652992####20163####4967####0####834####-1.5213####7.2077####0.08387404063205417####0.0
